{
  "name": "Airline Pilot",
  "scanType": "Profession",
  "income": {
    "Salary": 9500,
    "Passive Income": {
      "Interest": 0,
      "Dividends": 0,
      "Real Estate Income": 0,
      "Business Income": 0
    }
  },
  "expenses": {
    "Monthly Taxes": 2350,
    "Mortgage Payment": 1330,
    "School Loans Payment": 0,
    "Car Loans Payment": 300,
    "Credit Cards Payment": 660,
    "Retail Debt Payment": 50,
    "Other": 2210,
    "Per Child Expense": 480
  },
  "assets": {
    "Savings": 400,
    "Investments": {
      "Mortgage": 0,
      "RealEstate": [
        {
          "name": "First Property",
          "type": "3Br/2Ba House",
          "description": "Your starter home.",
          "Purchase Price": 153000,
          "Sale Range": "180000-220000",
          "Cash Flow": -1330,
          "Mortgage": 143000,
          "Down Payment": 10000,
          "purchaseTime": "2025-06-30T12:00:00.000Z",
          "saleTime": ""
        }
      ],
      "Stocks": {
        "totalValue": 0,
        "holdings": {}
      },
      "Gold_Count": 0,
      "Bitcoin": 0,
      "Bitcoin Value": 0,
      "Certificate Deposit": 0
    }
  },
  "liabilities": {
    "School Loans": {},
    "Car Loans": {
      "Car Loan": 15000
    },
    "Credit Cards": {
      "Credit Card": 22000
    },
    "Retail Debt": {
      "Retail Debt": 1000
    },
    "Personal Loans": {}
  }
}